Variable,Coefficient,CHR,bp19,SourceSeq,Strand,"Probe SNP
based on Illumina annotation",Gene,location,"Relation to 
CpGIsland"
Intercept,7.924780053,,,,,,,,
cg05528516,-0.034901855,1,1070040,CGGACCCCCACCGGCCTCCAAATGTGCAAACACAGGCGCCTCTCAGGCAC,R,,C1orf159-TTLL10,,N_Shelf
cg00060374,0.192655019,1,1355235,CGGCTTCATGCTGGTGGCAGCAACAGACTCTCCGCCAGCGCCGGGCCTGT,R,,LOC441869,Body;Body,Island
cg12711627,0.17826976,1,2025769,CGGGCACCACACAGCATCCCAGGCACCATCATGGTAGGAGAAGAGTTCAG,R,,PRKCZ,Body;5'UTR,Island
cg06853416,0.054883728,1,2778841,AGAGTCCCCCTCTGGATTCACACACCTGGAGGCGTCTGAGTGACTCCTCG,R,,MMEL1-ACTRT2,,S_Shore
cg01901101,-0.288137237,1,9486939,CAAAAAAACCCCAGCTTTTGTCCAGAGGTTGCTTTTTGTGGGTCTGTACG,F,,SPSB1-SLC25A33,,N_Shore
cg21393163,0.231306656,1,12217629,AGAAATGCAAATGAAATGACACCGGGCTCCACTTCACACCCATCAGATCG,R,,TNFRSF8-TNFRSF1B,,
cg22866430,-0.132384046,1,12566378,GCACCCCCCCATCCACTTCATGTTCAGAAAACTCAAAGAGTCAGAAAACG,F,rs78425617,SNORA59A,TSS1500;Body;TSS1500;Body,
cg16047567,0.278311431,1,12664243,GTCTTCTAAGATTTTCCTTAATTTACAGTGATCAAAGCTCTCAGGCCACG,R,,DHRS3,Body,
cg18768612,0.031688925,1,22378488,CGGGCCTGTATTCAGTCCGCCGTGATGTGAGAACTGAGTATCACTCTTCT,R,,CDC42,TSS1500;TSS1500;TSS1500,N_Shore
cg24049493,-0.148032709,1,42385941,CGCGGCCACCACAGACCTGAGCCCAGGAGGCTCTGTGACAAGGCACAGAC,F,,HIVEP3,TSS1500;TSS1500,S_Shore
cg08893087,0.16454508,1,93416982,CGGCTTCCAGATTCTTTCCAGTTGTCAGAATTCAGTTACATGTGGTTGCA,R,,FAM69A,Body,
cg03984502,-1.59035965,1,151805661,TCTGAGGCTCTGATTATCCCCCGTGTTCTTTTGGTAAATGTGGGCCCACG,R,,RORC,TSS1500,
cg19233405,-0.236127545,1,154988721,CGGAAGCACACGGGAGAGCGCCCCTACTCATGCCCGCACTGCCCAGCCCG,F,,ZBTB7B,Body,N_Shore
cg05694771,-0.119073797,1,160617974,CGTGCAAAGTTTGTCTGTCTGTGCCTGGCTTATTTCACGTAACATAATGA,F,,SLAMF1,TSS1500,
cg24739596,-0.064898346,1,243967381,ACACAGCAGAAGAAGACCCTTGACATCATCATCAGGGTTCTAGATCCACG,R,,AKT3,Body;Body,
cg06370057,-0.04797553,10,119786,CGCCCAAGCCACCATGAAGGGACGCTCGCACAAAGTGAAGTCCACATACA,F,rs7089857,TUBB8-ZMYND11,,Island
cg24457743,0.045013485,10,71181606,CGGGCTGCAGCTGACATCTTCTTTAAACACTGAGAGTGTGCTGGGGGCAG,F,rs77246631,TACR2-TSPAN15,,
cg18148156,-0.337015055,10,90428384,CGGCAGGTTGGAAATCCAGTTTGTGGCTGATGCAAGCAAACCATGCTGCA,R,,LIPF,Body,
cg19935065,-0.071926092,10,98062687,CGGTTGTGAGGTGCTCACGTGTTTTGGAGATAGCAAAAGTCTCAAATAAT,F,,DNTT,TSS1500;TSS1500,
cg10549018,-0.107791862,10,98176740,TGTCTCCTCATCTCCTGGATCTTTGCCCAGCAAAACCTCCAAAGAGACCG,R,,TLL2,Body,
cg24903144,-0.028722836,10,102509268,CGCAAGGTAGAAAGCAAAGGGGGGACTGGAGAGAAACCAGATGACAGAAA,R,,PAX2,Body;Body;Body;Body;Body,Island
cg17782974,-0.248277331,10,104406990,CGCACACACACACCCTGCGGAGTTGCCGACAAAGTTCAGTGCCTGCTTCC,R,,TRIM8,Body,S_Shelf
cg13357922,0.115933839,10,135251512,CGCTACCACTAGACCAAGGTCAGCCAAGTAACAGTTGTCTTCCCAGACGC,R,,SPRN-LOC619207,,N_Shelf
cg23908305,0.199508322,11,1958316,CGGCCCTTGTTAGGGACTGGCTACAGCGGCTGGCCCCAAGGGCCCCTGTG,R,,TNNT3,Body;Body;Body;Body,N_Shore
cg15742496,0.065473251,11,5618408,CGGGCACACAGCCAGTGTCTGTCAGAGTCAGGATTTGAACACATGCAGTC,R,,TRIM6-TRIM34,Body;Body;5'UTR,
cg27639942,-0.031409117,11,64739336,ATAGCCTGGCCGAGCCTGGGAACCACCTGGGGCTGAGGTAACGGCACACG,F,,C11orf85-BATF2,,Island
cg27312916,-0.306782799,11,85469117,CGACAGGTGCAGAGAGAGAATAAACTGTGTCTAAGACTGGACCAGAGAGT,R,,SYTL2,TSS200;5'UTR;TSS200,
cg02121547,0.053266493,11,113649020,CAGCCTGGGGACAAGAACATCAAATGTCCGAGTCTGAGCTGCCTGGTTCG,R,,CLDN25,TSS1500,
cg26827653,0.065894621,11,125366540,CGGAAAGTCCAAAAGGGTCTTTGAGTGTGTCTGCCGGCATCCGCCAGCAG,R,,FEZ1,TSS1500;TSS1500,S_Shore
cg16593899,0.352200475,12,212239,TAAAGCCCTGTCATTAGCTGGCAGCAGGGAGGCGGTCGGTAGGGGCAACG,F,rs74331509,IQSEC3,Body;5'UTR,N_Shore
cg02319782,0.646594461,12,291668,CGGGTTCCCTCCCTAGGGAACCAGGCTGCCTAACCCACCAGCCGGCCCCT,F,rs78240398,IQSEC3-SLC6A12,,
cg26276120,0.230153569,12,6977747,CGGCATAGGCACCTCACAGACTCAGCATTCTCCAGGGAGCAACCCTGCTT,R,,TPI1,Body;Body;Body,S_Shore
cg12745325,0.019250065,12,56623942,CTCCTCTGATGTCTGACCTGGCCTAAAATCAGGCAAGCAAAGTCTGATCG,F,,SLC39A5,5'UTR;TSS1500,
cg07677157,0.023635935,12,66050928,CGGTGATCCATAGCAAAAGAGCCTATGAGTCAGGTGATGATCCATTCATC,R,,MSRB3-RPSAP52,,
cg07910460,-0.006544998,12,99135985,CGCGCTCCTCCACTGTCTGAACCAAGTTAGGAGCCCTGATTAAACCTCCG,R,,ANKS1B,Body;Body,N_Shelf
cg01614102,-0.000924423,12,115134918,CAAAGGAAATCGCAGGCGTCTTTGCAAAGCTGGTGGGAAGTAACCCAGCG,F,,TBX3-MED13L,,N_Shore
cg20742385,0.00035546,13,113633654,CGGCTGGGTTTCTCTAGCACCTCGGCATTGTCTGCCTGCTCTTCCAGGCG,F,,MCF2L,Body;5'UTR;1stExon,N_Shore
cg05019423,0.062087856,14,105330230,CGGGTGTCAAAGTCAGTGGATGGCAAAACATGCCTGGAGGGAGCAACCAG,R,,KIAA0284,TSS1500;TSS1500,N_Shore
cg19825410,0.040421496,14,106092151,TCTCACCAACTCTCTTGTCCACCTTGGTGTTGCTGGGCTTGTGATCTACG,R,,TMEM121-KIAA0125,,
cg02963381,-0.082356157,14,106936375,CGGCCCCCAGCGCCCGCGCCCATCCTGGAGAACTGCATCTGCGCAGGCCC,F,,ADAM6-NCRNA00221,,Island
cg00843787,-0.101382712,15,24119320,GATTTGTATTCTTTTCTTTTCCTTTTTTGAGATGGAGTCTAGCTCTGTCG,R,,NDN-PWRN2,,N_Shelf
cg08107689,-0.077604432,15,29033901,CGCGGCGTCGCCCTCCGAGTCGCGCTCAGAGCCACTGCTTTATGTTCAAA,R,,WHAMML2-APBA2,,Island
cg04875128,-0.102338122,15,31775895,CGCCACGTACCCGCAGCAGAACCGCTCGCTGTCGTCGCAGAGCTACAGCC,R,,OTUD7A,Body,Island
cg26709300,-0.25019136,16,30106682,CGGTGACAATCATCCAAGTAGGCCTGAAACGTCTTGGGCTTTGAAATCCG,R,,YPEL3,1stExon;Body,N_Shore
cg27093918,0.085072969,16,69564625,CGCACTAAGAAGGGCTCCTGGGTGCTCAGCACCTAAAGTGGGTCATTCAT,R,,CYB5B-NFAT5,,
cg02282640,0.088325197,16,81743587,ACTTTAGATCAGGTCAAAGGTTCCAATTACGAAGCTAAAAGAATTCGGCG,F,,CMIP,3'UTR;3'UTR,
cg02380595,0.002251867,16,85160569,CGGAGAGGGGCGCCTTCTCCATCTGTACGGCCTCACCGGGACTTTCCTCC,F,,FAM92B-KIAA0182,,S_Shelf
cg04658841,-0.144127861,16,85478651,CGGGGGCTGTCTTTTCTGCACGCCTTGCCCTTGATCTTCCCTGGCTTTAT,F,,FAM92B-KIAA0182,,
cg07955474,0.045460084,16,85935556,CAACATTTCCAAGAACAGTGCTGGAAATCCCCAAGACAGCTGGATAGACG,F,rs16882,IRF8,5'UTR,S_Shelf
cg07708487,0.11330694,16,89387014,GGAGTGTGCCAGTGGCTCGTGTGGGGGACTCCCACCACCCTGGACTCTCG,F,,ANKRD11,5'UTR,
cg00974523,0.014607351,16,90124400,GGCTTCTCCCCTGTGTGTGTCCTCTGGTGACTGAGGAGGTCTGACTTCCG,R,,PRDM7,3'UTR;3'UTR,
cg15825321,-0.015154869,17,36666642,CGGCCGTCCTTCAGCTCGCACCACCTCATGCCCTGCGACACTCTGGCGCG,F,,ARHGAP23,Body,Island
cg14244013,-0.067053666,17,59473124,TCACAGGCTCTGGGTTCGCGTTCGGAAACGCTTTCGCAGGGAGCGGGTCG,F,,BCAS3-TBX2,,Island
cg25583580,0.250882756,17,74731433,CGTATTCCTGGCCAAATAACCAAGGTGAAGAAAGGTAAGGGGAAGAAAAA,F,,SFRS2,3'UTR,N_Shore
cg18826274,0.027587276,17,76335184,CGCCCTGAAAGATTGTAGTACAGAGTCCTGGGGAGAAAGTGGTTTCCTGC,F,rs73380163,ARGM1-SOCS3,,N_Shelf
cg18836174,0.300338691,18,11724,CTCCAACCCCAGCTTTTTCACTAGTAAGGCAGTCGGGCCCCTGGGCCACG,R,,NA-USP14,,Island
cg06994022,0.029972082,18,45660070,AGATTGTGTTTTTCCTTTCTAAAGCCTCCTGCTTCATAGTAACTTCCACG,F,,ZBTB7C,,N_Shelf
cg19283806,0.115234716,18,66389420,GATTTCTCCTTGAACAATCCCCGCAAAGATAGCAGCCAAAAAAGGATGCG,F,,CCDC102B,5'UTR,
cg23686403,0.433578298,18,78005607,TGGCCGCGATGCTCCTTTCCCCAGGCTCTGGGATTGTGGACAGGAGGGCG,F,,PARD6G,TSS1500,S_Shore
cg02194396,0.051844908,19,427162,ACATCTGTGTTGAGCTTTTTTTAGATCTTCCCAAACAATCTGGCATTTCG,F,,SHC2,Body,Island
cg07069844,-0.222902807,19,1617027,CGTGGAAGTCCGCTTCAGCACATCAAGAGATTAAGGAAATGCAAATTAGG,F,rs75418372,TCF3,Body;Body,S_Shore
cg00593900,-0.089080856,19,10206746,CGCGAGCTGGCGCAGCTCGTCACCCAGCAGAGCAGTCTCATCGCCCGCCT,R,,ANGPTL6,Body,Island
cg13523818,0.019683715,19,19371900,CGGCAGGGCAAGACGATGGTGCCACCACGGTGGCTTACCACCTGCCCAGG,F,,HAPLN4,Body,Island
cg26950531,-0.0719754,19,38704515,TGCCGGCCACGTGGTTGCTGGGCAGGTGTGGGGTCAGGCTGTGGATCCCG,F,rs4803871,DPF1,Body;Body;Body,S_Shelf
cg06673536,-0.038695721,19,45213941,CGCTGAGCTGTTGGGGAGCCACCGAGGCCATAAACGTCCTGGTTAATGCA,F,,CEACAM16,3'UTR,S_Shelf
cg19327213,-0.261518786,19,47988783,CGAGGTGTCCAGGACAGCTGGCCAACCCATGTCTTCTGGAAATGATACAC,R,,KPTN,TSS1500,S_Shore
cg26636010,-0.010265628,2,20306539,GGTGAGCGCCGGCTGGGCTTGATGGGAGGCTGAATCCCGTTCGTGGACCG,F,rs13022175,LAPTM4A-SDC1,,
cg10550416,-0.001197075,2,36776323,TTCTGATGTGCTCGTCTGGTAGTTCTAAGGTGGTTATGGCAGCTGGGTCG,F,,CRIM1,3'UTR,
cg01603921,-0.019119883,2,91635595,CGGCTTTTTGTGCCCATCACCGTAGCTTTTTGCCTCCGCCACCACAGCTT,F,,ANKRD36BP2-LOC654342,,Island
cg23631636,1.064943779,2,217363620,TGGGCTCGGACCTAGGTCGCGGCGACATGGTGAGTGTGGGTCTCTGTGCG,R,,RPL37A,Body,Island
cg07374224,-0.10476299,21,43809848,GGGCAGGTTCCTTGGTGACAAAGCCATGAGCATGGCCAGCAGCCCTTGCG,R,,TMPRSS3,Body;TSS1500;Body,
cg06139893,0.366267555,21,47404109,CTGTGTGTCAGCCACGGCCAGGGTGGGGCAGCCTGTCCATCTGGGTGACG,R,,COL6A1,Body,Island
cg09374293,0.271147479,21,48081242,CGATTCTGTCATGAAGAGTGGCTTAAAATACTTGAAAAAAACTGTAATGC,R,,PRMT2,Body;Body,Island
cg21461082,0.086127595,21,48081619,CGCTGAATGCGTCAGGAACCGTAGAAAAGCCCCCCAGCCTGGGGAAACCA,R,,PRMT2,Body;Body,Island
cg01239389,-0.046039735,22,16867554,AGCCGCAGCGGCGGGGGGCAAAAAGCCGTGGCTGGCAAAAAGCCGAGGCG,F,rs79439702,OR11H1-CCT8L2,,Island
cg06845706,-0.073653151,22,23733812,CGGCCCCATGAGTGCTCTTCGGCCGCCCAAAACCGGTCCCATGGGTAACA,F,rs34542232,ZDHHC8P,Body,S_Shelf
cg15223899,-0.079469327,22,24891158,CGGCACGTGCCAGGACACGTTCCTCTTGCCGCCTCCGCAGCACACGGCCA,R,,C22orf45,TSS1500;TSS1500;TSS200,Island
cg00733150,-0.143118993,22,45705707,CGCGCGCCCCGCCCCGCCCCGCCGCCAGATCCTCTGGCACCGCCCACCTC,R,,FAM118A,5'UTR;TSS200,Island
cg18405719,0.132495641,3,153242,CGAGGCTAAAATGTGGGGCCAGAAGATAAATCTAATGAGAGCTGTTGCTA,R,,NA-CHL1,,
cg04508804,-0.016391905,3,45077765,CGCCCCGGTCTGCTGCTAAGCACAGCACAGTTACCAAAGCCAGGAAACTA,F,,CLEC3B-CDCP1,,S_Shore
cg00840990,0.009294864,3,177308016,CCACATTACTAGGTAATAAGGTTGCAAATTCCAAGTCTCCCTTGTAGTCG,R,,TBL1XR1-KCNMB2,,
cg09217898,0.002223767,3,194412522,CGTGTGTGGACACACATGGTTTCCCTAAAGAAACACCTCTCACTGCCCCA,F,,FAM43A-C3orf21,,S_Shelf
cg05023043,-0.241884868,4,298432,CGCCCCTGGTTTGTAGGCAGGCGTTCAGAAATGAAGACGGGTGTCCAGAG,R,,ZNF732-ZNF141,,N_Shore
cg19651128,-0.044197345,4,2404041,CGGCCAGGCAAGCCGGCACCGCCCCCGCCATCAGACACCATCTCCCGCCC,F,rs7437490,ZFYVE28,Body,S_Shelf
cg02810967,0.115541991,4,17813558,CGTACTGGTACTAAAGGCTTATTGAGAATCAAAGATATTGAAAAAAATAT,F,,NCAPG,Body;TSS1500,S_Shore
cg09435170,0.066574831,4,184256627,CGGGAAAATCACATCTGTTCTTACCAGTTCATTCTTGGTACTATGACTCA,F,,WWC2-CDKN2AIP,,
cg00580497,0.294599512,5,1153746,CGGCTTGTGGCAACAGGGGCTTCCCCATGGGCTGTTCCTTGGCTCTGTAG,R,,SLC12A7-SLC6A19,,N_Shore
cg00461022,-0.003533648,5,16618052,CGGAGTGGCTCTGAAATTACTGTCTTCAAAGCAGGCCAAACCTTGCTTGA,R,,FAM134B,TSS1500,S_Shore
cg22657457,0.01814921,5,75469969,CTACAAAAATTCCTTGAACAAATTGTACAGTCAAAGCAGACTTTCCAACG,R,,SV2C,Body,Island
cg10616795,0.014059609,5,76464212,GGAGGCCAGGGAGCAGCGAGGCTGCACGGCAGCCCTGGCACAGAGCCTCG,R,,LOC728723-PDE8B,,
cg06677021,-0.027823225,5,79490511,CGCTGCCTGGGGCCCTCAGCAGCGATCTTAGCTTAGTTACATTTCCCATC,R,,SERINC5,Body,
cg02403883,-0.026123646,5,140530028,CGGGTTGTTTTCAAAGGGAACAGACAACATTTGCAGTTTGATCCACAGAC,F,rs3836745,PCDHB6,1stExon,N_Shore
cg21777188,-0.130912718,5,140536238,CGCCCAGAACTGGGACTTCCCAGGTTCTCATAGTGATTGTAGATATCAAT,F,,PCDHB17,Body,N_Shore
cg03335262,-0.043993312,5,140536920,GAAAACCGAGTACAACATAACCCTGCGGGTCTCCGACGTCAATGACAACG,R,,PCDHB17,Body,Island
cg27582059,-0.013379877,5,140559871,TCTGGTGGACGTGAGGGGCACCGGGAGCCTGTCTCAGAACTATCAGTACG,R,,PCDHB16,TSS1500;1stExon,S_Shore
cg08985570,-0.017445457,5,140589751,CCAGCACGGTTATGTTGTGCTCGGTTTTTAGCCTGGGGGTCCCCAAGTCG,F,,PCDHB12,1stExon,Island
cg27577149,-0.109795266,5,140712441,CGCCTCCCGAAGCCTGTAGCAGACGTGACTTGTGCCAGCGCCGCAGCCTG,R,,PCDHGA1,1stExon;1stExon,Island
cg13650304,-0.004499116,5,140745619,CCTTGGTCACCAGGTAGCCAGGTTCTGCGGAGCGAGGCGCCAGCTCCACG,F,rs11750908,PCDHGA4,Body;Body;1stExon;Body;Body;Body;Body;1stExon,Island
cg19247475,-0.019510428,5,140789745,CGCTTCATCTGGTCTTCGCAGACAACTTGCAAGAGATACTGCCAGACCTC,F,,PCDHGA4,Body;Body;Body;Body;1stExon;1stExon;Body;Body;Body;Body;Body;Body;Body;Body;Body;Body,Island
cg10679597,-0.001019321,5,140800629,ATACTTCTAAGTCTCCAGTGTCAGGATCTGTGAGTATCCATCTCATTCCG,F,rs11575964,PCDHGA4,Body;Body;Body;Body;Body;5'UTR;5'UTR;5'UTR;Body;1stExon;Body;Body;Body;1stExon;Body;Body;Body;Body;1stExon;Body;Body;Body;Body,N_Shore
cg18104870,-0.011461995,5,176973910,CGGCTTGGGCCCTCCTTGTGGCTCATTGCACCCAGGAGGCAGTTCAGCGG,R,,FAM193B,5'UTR;Body,
cg16867657,-0.941317314,6,11044877,CGGCGGCTCAACGTCCACGGAGCCCCAGGAATACCCACCCGCTGCCCAGA,F,,ELOVL2,TSS1500,Island
cg22328256,-0.058877191,6,28757381,ACCCAATGGGTTGCCTCCATTTATAACCCATTTCTATGCCGTGAGCTTCG,F,,SCAND3-TRIM27,,S_Shelf
cg17636541,0.29341411,6,30658493,CGGCCGAGAAGCTACAGGGGAGGGAGACCTGAGTTCTAAATTAGGAACTC,R,,NRM,Body,S_Shelf
cg01517384,0.013409557,6,31323856,TCAGGAAAACTCATGCCATTCTCCATTCAACGGAGGGCGACATTCTAGCG,R,,HLA-B,Body,N_Shore
cg27014438,0.064188813,6,31607674,CGGGATTCAGAGCTAGGTAATCCACAAGAGGAAACCCACCTTAAAGGAAA,F,,BAT3,Body;Body;Body;Body,
cg07739478,0.044252249,6,31692234,CGGTGGGGTAGAGTCTAAGTTGTTTCCGGTCTGAGCCTTCAAGTTGCTGG,F,,C6orf25,Body;Body;Body;Body;Body;Body,S_Shore
cg08453194,0.671436338,6,41904398,TCCTCCTCTCCAAGATTATACCTTTGCCATGTACCCGCCATCCATGATCG,F,,CCND3,Body;Body;Body;Body,
cg21288889,-0.319350788,6,89792677,AACAACAAAAAACTTAAATTTCCCTTGACTTTTAAGTTCACTCTTGTTCG,F,rs5878087,PNRC1,Body,S_Shore
cg17885226,-0.029780431,6,105388731,GAGTCTGTCACTTCCTGAGGGAGCGCGGAGGTCGAGAGACCTGTGAGGCG,F,,HACE1-LIN28B,,Island
cg06638568,-0.141896231,6,163730822,GGCTGAAGCGGCAGCATCGCACTCTCAAAGGGAACAGCGAGACCACACCG,F,,PACRG,Body;Body;Body,
cg20978460,0.626194012,7,2644443,CGCCGAGGAGAGAGCTGCCACGGCAGCAGGGAACGTGACTCCCTTCACTG,R,,IQCE,Body;Body,N_Shore
cg03366574,-0.000993911,7,2764599,CCGCCAGGACAGAGAAGCCGGTACCCCAGCGGGTGGTCTGCTTTTCTGCG,R,,AMZ1-GNA12,,
cg10536999,0.743224139,7,26193109,CGACTCTCCCGGCCTAACGCAAGGACCTTCGCCCTGTTTTCAGCCCAATT,F,,NFE2L3,Body,S_Shore
cg08972170,-0.382784284,7,30185776,ACTTCACACTGAGTGTAGTGACTGTGTGTCTTTGTTTTCTCCTTCCGTCG,R,,C7orf41,Body,
cg06132400,0.048164493,7,38350938,CGGCAGCGGTTCTGTCGCGGGGACAAATGCCCTTTATAGATATTTTCTAA,R,,TARP-AMPH,,Island
cg07076816,0.002240316,7,38351154,CGGCTACCCCTGCGGCCATGGACGCCATCTAAGCCATGAGGCTCGGCTGG,R,,TARP-AMPH,,Island
cg00739278,0.061894685,7,38351226,GGGGCTGGGGGGCAGCGCGTGTGGGGGTCTGCTGGGCAGCAGGCTGGACG,F,,TARP-AMPH,,Island
cg10691866,0.022168749,7,65817282,CGGTAAACACAGAGCAGGAGGGAATTACAGTGAATGGGGATTTCCCTCAG,F,,TPST1,Body,
cg00277397,0.094974543,7,71800412,CGCTGTGTGTGTTGAGACACACGCAACATTCGTGCACATAGAACTCATGA,R,,CALN1,5'UTR;Body,N_Shore
cg14989226,0.252745566,7,75897850,GGGAGAGCTGCCCCTCCCCAGACCTCAGGTCTCAGCAGCAAACATGTACG,R,,SRRM3,Body,S_Shore
cg09596818,-0.038324257,7,98245716,CGGGCACTGTTGGACCACGTGGCTCCATCATGATGACTCCAGTTAGATGT,F,,NPTX2,TSS1500,N_Shore
cg22633390,-0.081187424,7,100964966,GCCGGCTAAGCCGCGGCGGACAACTATGCTGAAAGCCAAGATCCTCTTCG,F,,RABL5,1stExon;5'UTR;1stExon;1stExon;1stExon;5'UTR,Island
cg03473532,0.016080107,7,131008743,CGTATGTGTTTGAGATAGCAGTTGTTTACTATCACTTGAAAATTCTGAAT,R,,MKLN1,Body,N_Shelf
cg00029246,0.086897289,7,137223417,ACCTTCACCAGGATAAGATCTCCCCTGTTTTTTGAAGCAGAGAACTATCG,F,,DGKI,Body,
cg22530232,-0.058299901,7,158110152,CGGTGTGGGACTAATGGGGACTAATTTATTTAGCTCGATTCCATTTGTCT,F,rs77703965,PTPRN2,Body;Body;Body,N_Shore
cg12133423,-0.060805944,8,1094575,TGTCTGTCTCCATCCTTTCGACCACCTCCAGAAGCTACAGGAAATAAACG,R,,ERICH1-DLGAP2,,N_Shore
cg16479633,-0.349054784,8,20080666,GTCACTAATGGGTCACAGAGCTTTGTATCCTGAGCTAGTGGCAAAACTCG,R,,ATP6V1B2-LZTS1,,
cg18898125,-0.128861858,8,24770381,CGCCTTACCTTCTGCCCCTGCGGAAGCTGCGGACGTCCCCCAAACGTTAA,F,,NEFM,TSS1500,N_Shore
cg16886403,0.249830764,8,143471632,CGGAGTCCCCAGCAGTGTACAGCGTCTGTTATAAAGTCCCCCAAAGTGTA,R,,TSNARE1,5'UTR,Island
cg07211259,0.285415902,9,5510497,ACAAACTGCTAAAAGCAAAACCAAAACTTTCCAAATAAGCCAGGCTTTCG,R,,PDCD1LG2,TSS200,
cg14577706,0.056402531,9,13280025,CGCAGGTTGACAAAATCGGCAGATAAAAATACAAGACTGCCATTAAATTT,R,,MPDZ-NFIB,,S_Shore
cg00232500,0.090935902,9,14910689,ATGCATGCACACATAGTGACCCACCCCACACATGTGCATGCATTCTCACG,R,,FREM1,TSS1500,
cg05072215,0.005543992,9,128001885,CGCCTGGCCAGACTGTAATTTAAATAAGGGTTAAACTATGTGACAATACA,R,,HSPA5,Body,N_Shore
cg13753488,0.017145442,9,136001623,TGCTCTCCAGGGGCTTGTGGTTGTAGCCCCCAAGGAAAGGCAGGTGCACG,F,,RALGDS,Body,
cg13764516,-0.341564801,9,139648911,CGGGCGCTCCGAACCTTGTGGTCTGAGGCAGGAACTCCATTAAATCAGCT,F,,LCN8,3'UTR,
cg07096038,-0.09855373,X,39958181,CGTGGAGGCACCGGGAGGCGTGTGGGGGGCGGTCGGCGAGCGGAGATCCG,R,rs7879904,BCOR,TSS1500;5'UTR;TSS1500;5'UTR,Island
cg16203368,-0.10302433,X,47431033,CGGGGGTCCCCCAATTCCAGAAGAACTGGAAAAGCACATGGGGACCCCCT,R,,ARAF,3'UTR,N_Shelf
cg00780578,-0.054471821,X,68727150,CATCCAGCATGGCCCTTGTGGACTTCTGCAGGGCTTCCATGCTTTTAGCG,R,,FAM155B,Body,S_Shore
cg16708895,-0.127513973,X,144898249,CCACTAGCTGGAGAGGTAATTTTGCGTCTAATTTTGCACCTCTCTCCTCG,R,,SLITRK2,TSS1500;TSS1500;TSS1500;TSS1500,N_Shore
